Date,Title_Bull,Title_Bear,Title_Pos,Title_Neg,Body_Bull,Body_Bear,Body_Pos,Body_Neg,Comments_Bull,Comments_Bear,Comments_Pos,Comments_Neg,Bull_Bear_Ratio,EMA_3,EMA_10
2019-04-23,6,3,1.035,1.121,30,11,1.013,0.389,1895,1032,531.996,359.55699999999996,1.8362403100775193,1.8362403100775193,1.8362403100775193
2019-04-24,4,2,3.483,1.249,45,25,0.623,0.884,1487,806,435.778,305.913,1.8449131513647643,1.842022204269016,1.841010372785504
2019-04-25,5,0,2.991,1.651,6,0,0.341,0.203,1502,753,333.915,221.972,1.99468791500664,1.929259753261944,1.9027877236451636
2019-04-28,7,3,1.149,1.156,3,0,0.349,0.27399999999999997,1330,798,383.92199999999997,285.132,1.6666666666666667,1.7892101070777962,1.8249963556158617
2019-04-29,8,7,2.5140000000000002,1.4140000000000001,0,0,0.07400000000000001,0.271,1609,904,519.6759999999999,359.17699999999996,1.779867256637168,1.784387990721343,1.8120410186980158
2019-04-30,2,3,1.002,0.77,26,20,0.657,0.6679999999999999,1289,920,425.36400000000003,328.05300000000005,1.4010869565217392,1.5896954019215443,1.7053020536501955
2019-05-01,5,0,2.983,0.691,21,11,0.983,0.79,1164,760,377.665,253.10299999999998,1.5315789473684212,1.560408369705797,1.6634417636613004
2019-05-02,4,2,2.002,1.7830000000000001,6,4,0.499,0.44799999999999995,1225,845,351.365,249.081,1.4497041420118344,1.5048391887456902,1.6148154246761817
2019-05-05,7,6,3.8989999999999996,1.097,3,1,0.20600000000000002,0.287,1063,786,334.461,265.29400000000004,1.352417302798982,1.4284791049837386,1.557726775785662
2019-05-06,2,5,1.594,1.9169999999999998,3,2,0.33,0.815,1264,894,386.87,266.11400000000003,1.4138702460850112,1.4211675353296347,1.5275088248478599
2019-05-07,8,7,2.167,2.346,22,15,0.262,0.297,1470,1068,438.105,338.60900000000004,1.3764044943820224,1.3987750810402575,1.4966400992312276
2019-05-08,2,4,2.502,1.4780000000000002,3,3,0.33399999999999996,0.805,1092,882,388.566,288.459,1.2380952380952381,1.3184155405393052,1.444983309165865
2019-05-09,11,2,2.066,1.391,16,12,0.878,0.517,1405,1136,412.66,331.43300000000005,1.2367957746478873,1.2776006753102431,1.4041224976937152
2019-05-12,6,6,2.551,1.4169999999999998,19,35,1.079,0.75,1162,987,343.625,296.704,1.177304964539007,1.2274497589556093,1.3602393487646716
2019-05-13,12,5,2.815,1.886,3,2,0.518,0.506,988,807,273.13,224.854,1.224287484510533,1.2258685734791197,1.3342393203911627
2019-05-14,6,10,1.8530000000000002,2.052,14,10,0.799,1.0959999999999999,1233,1098,329.767,278.77099999999996,1.1229508196721312,1.1744089113634961,1.2942089186057375
2019-05-15,3,4,1.5219999999999998,1.155,3,2,0.465,1.111,1219,867,406.789,276.378,1.405997693194925,1.2902041857270434,1.3152276619991232
2019-05-16,5,6,2.477,1.797,17,15,1.244,0.8140000000000001,1227,976,352.04400000000004,254.988,1.257172131147541,1.2736880954334078,1.3043792489170623
2019-05-19,5,4,2.483,1.4280000000000002,14,9,0.33299999999999996,0.883,907,591,299.793,242.111,1.5346869712351945,1.4041877822427002,1.3471991653674482
2019-05-20,6,2,2.076,1.3330000000000002,31,22,1.177,0.74,1154,857,366.00300000000004,253.025,1.3465577596266045,1.37537274345449,1.3470803998596812
2019-05-21,3,2,1.95,2.638,43,33,1.577,1.319,1558,1335,434.67699999999996,369.228,1.1670411985018727,1.2712069213080468,1.3138547298238235
2019-05-22,7,5,4.276,2.516,18,11,0.715,0.581,1270,995,322.905,279.668,1.2763819095477387,1.2737944160447996,1.3069580571796038
2019-05-23,5,3,0.998,1.9240000000000002,25,15,1.14,0.73,1096,900,313.187,245.859,1.2177777777777778,1.2457860935724363,1.290581364981858
2019-05-27,5,8,1.381,1.178,23,17,1.4609999999999999,1.31,1207,946,298.968,216.072,1.2758985200845665,1.2608423077259219,1.287889960924797
2019-05-28,6,3,3.9389999999999996,2.121,23,36,2.511,1.3869999999999998,1227,1063,345.775,278.882,1.154280338664158,1.2075613216071428,1.2634352677078315
2019-05-29,7,3,0.87,2.036,37,39,1.079,1.311,1223,1202,355.505,295.962,1.0174708818635607,1.1125161003190676,1.218470708411817
2019-05-30,9,3,3.565,2.324,24,25,0.873,1.166,1553,1314,491.96,397.958,1.1818873668188736,1.1472017338273988,1.211789557330608
2019-06-02,9,6,1.358,1.3230000000000002,6,5,0.287,0.655,1096,928,314.035,272.16700000000003,1.1810344827586208,1.1641181083560281,1.2061773585404287
2019-06-03,6,4,2.426,1.511,21,10,0.569,0.787,1078,873,332.296,265.378,1.2348224513172967,1.199470279902511,1.2114010676589684
2019-06-04,5,6,2.6430000000000002,1.083,19,13,0.998,0.655,1196,996,369.536,334.881,1.2008032128514057,1.200136746377579,1.2094694924443052
2019-06-05,7,8,1.22,1.6269999999999998,19,21,1.213,0.987,1239,1050,344.269,281.494,1.18,1.190068373184101,1.204100731577436
2019-06-06,8,4,2.395,0.977,25,17,1.163,0.862,1385,1092,296.97700000000003,251.13099999999997,1.2683150183150182,1.2291916957586688,1.2157950746737627
2019-06-09,7,3,1.555,0.677,28,31,1.198,2.0069999999999997,1694,1278,429.42199999999997,299.514,1.325508607198748,1.2773501514843149,1.2357695675354625
2019-06-10,8,7,1.7169999999999999,1.499,50,55,2.105,1.5719999999999998,1575,1211,484.26300000000003,329.116,1.300578034682081,1.288964093083874,1.2475657673013458
2019-06-11,6,3,1.715,1.505,15,20,0.955,0.72,1239,998,355.379,266.56,1.2414829659318638,1.2652235295071779,1.2464588174275868
2019-06-12,1,4,1.995,2.401,11,7,1.92,0.5760000000000001,1167,904,348.846,274.693,1.290929203539823,1.2780763665236874,1.2545502390038497
2019-06-13,10,9,1.6780000000000002,1.305,12,8,0.515,0.89,964,759,279.374,224.726,1.2700922266139658,1.2740842965687975,1.2573777408896036
2019-06-16,4,1,2.323,1.3880000000000001,22,18,0.667,0.9470000000000001,957,599,257.07099999999997,184.843,1.5976627712854758,1.4358735339277253,1.3192779449183283
2019-06-17,7,2,2.529,2.407,24,20,1.4340000000000002,1.122,1450,944,351.162,269.671,1.5360169491525424,1.485945241540225,1.358700772473009
2019-06-18,6,3,1.439,2.287,43,32,1.2819999999999998,0.934,1277,954,379.876,323.94,1.3385744234800838,1.4122598325100875,1.3550402408267301
2019-06-19,8,6,1.9369999999999998,2.36,38,25,1.251,1.6780000000000002,1788,1277,448.88300000000004,367.69599999999997,1.4001566170712607,1.4062082247906713,1.3632454107791618
2019-06-20,9,7,1.1520000000000001,2.185,51,47,1.972,1.02,1511,1124,420.349,286.654,1.344306049822064,1.3752571373063605,1.3598011376134116
2019-06-23,2,4,1.493,1.589,24,20,1.609,1.035,1244,833,365.219,256.447,1.4933973589435774,1.4343272481249756,1.3840957052921636
2019-06-24,6,9,2.225,2.505,21,18,0.7909999999999999,0.825,1574,1114,454.219,384.811,1.4129263913824057,1.4236268197536899,1.3893384154874895
2019-06-25,4,4,2.108,1.766,19,23,1.138,1.012,1403,923,448.278,336.164,1.5200433369447455,1.4718350783492191,1.4131057925858725
2019-06-26,6,3,0.6970000000000001,0.985,42,21,1.895,1.3630000000000002,1119,818,403.462,310.385,1.3679706601466992,1.4199028692479585,1.4048986008132867
2019-06-27,4,7,1.284,2.906,19,29,1.0390000000000001,1.317,1150,748,298.278,238.442,1.5374331550802138,1.4786680121640865,1.4289977242128913
2019-06-30,9,4,2.9210000000000003,0.992,31,12,1.199,1.891,1206,757,556.0369999999999,247.638,1.5931307793923382,1.5358993957782128,1.4588420551639296
2019-07-01,8,4,2.5610000000000004,1.473,16,6,1.381,0.639,1306,868,416.405,286.677,1.5046082949308757,1.520253845354544,1.4671636361935088
2019-07-02,7,0,2.7489999999999997,1.469,26,21,1.111,1.169,1178,789,349.131,231.449,1.4930291508238276,1.5066414980891858,1.4718666635109745
2019-07-04,4,3,0.547,2.331,24,14,1.571,1.67,1177,862,336.855,274.002,1.365429234338747,1.4360353662139664,1.4525137084957946
2019-07-07,4,7,0.9229999999999999,2.21,10,7,1.1059999999999999,0.875,1188,921,329.72,260.138,1.289902280130293,1.3629688231721298,1.4229471253030959
2019-07-08,9,2,1.97,1.159,30,28,2.063,2.079,1577,1019,492.537,324.526,1.547595682041217,1.4552822526066735,1.4456110442293706
2019-07-09,9,7,2.0580000000000003,2.008,16,13,2.135,1.405,1031,733,291.483,233.51,1.4065484311050478,1.4309153418558607,1.4385086112014653
2019-07-10,4,2,0.9209999999999999,2.345,23,15,0.9390000000000001,1.1,1311,898,400.02,315.676,1.4599109131403119,1.4454131274980861,1.4424000014657545
2019-07-11,4,4,3.036,1.704,13,6,0.865,0.41100000000000003,1155,749,368.18199999999996,238.795,1.5420560747663552,1.4937346011322208,1.4605195261569588
2019-07-14,6,2,2.306,1.385,31,13,1.89,0.935,1300,855,350.717,257.047,1.5204678362573099,1.5071012186947654,1.4714193363540724
2019-07-15,7,8,1.751,1.672,17,27,1.028,1.443,1312,884,362.11,252.32,1.4841628959276019,1.4956320573111836,1.4737363676134279
2019-07-16,2,5,3.174,0.799,36,33,1.7619999999999998,0.691,1608,1301,466.233,336.805,1.2359723289777094,1.3658021931444466,1.430506230570938
2019-07-17,2,3,2.431,1.15,27,17,1.541,0.696,1711,969,494.608,341.135,1.7657378740970073,1.565770033620727,1.4914577982128463
2019-07-18,6,8,2.964,1.286,71,58,1.077,1.206,1405,983,386.876,293.26599999999996,1.429298067141404,1.4975340503810655,1.4801559743528747
2019-07-21,9,1,3.4360000000000004,1.5659999999999998,77,47,1.865,1.169,1449,977,393.287,278.741,1.4831115660184238,1.4903228081997446,1.480693356778812
2019-07-22,5,2,2.4730000000000003,1.5590000000000002,27,15,1.042,0.5870000000000001,1321,776,354.63599999999997,264.819,1.702319587628866,1.5963211979143053,1.5209891653715057
2019-07-23,3,2,4.115,0.7040000000000001,30,13,1.936,0.892,2043,1403,624.496,464.801,1.4561653599429794,1.5262432789286424,1.509202987758166
2019-07-24,11,8,1.8230000000000002,1.381,34,10,0.616,0.418,1535,1101,420.028,315.808,1.3941871026339692,1.4602151907813057,1.4882909633930013
2019-07-25,6,4,2.699,1.406,30,22,1.124,1.54,1581,1025,433.287,303.657,1.542439024390244,1.5013271075857748,1.4981360828229817
2019-07-28,7,2,2.764,1.564,8,11,0.971,0.599,1410,927,438.62800000000004,345.162,1.5210355987055015,1.5111813531456382,1.5022996371964408
2019-07-29,9,3,2.727,1.013,9,12,0.61,0.6629999999999999,1285,930,459.68300000000005,371.284,1.381720430107527,1.4464508916265826,1.4803761190149178
2019-07-30,8,4,1.945,1.288,21,46,1.0959999999999999,0.7190000000000001,1405,949,453.539,330.29400000000004,1.4805057955742886,1.4634783436004355,1.4803996965940305
2019-07-31,6,4,2.251,1.0,18,15,1.179,0.76,1504,1253,452.406,397.53,1.200319233838787,1.3318987887196112,1.4294759356905835
2019-08-01,6,4,2.325,1.504,5,5,1.7009999999999998,1.6,1367,984,420.05,319.355,1.3892276422764227,1.360563215498017,1.422158059410419
2019-08-04,3,12,1.137,2.447,13,15,0.9740000000000001,0.5870000000000001,1267,1150,452.621,365.11,1.1017391304347826,1.2311511729663998,1.3639000413823192
2019-08-05,8,10,2.7760000000000002,1.815,35,42,1.181,1.6219999999999999,1319,990,431.397,342.338,1.3323232323232324,1.2817372026448162,1.358158800876735
2019-08-06,2,1,2.505,0.77,14,6,2.13,1.3840000000000001,1305,1038,443.199,335.111,1.2572254335260116,1.2694813180854139,1.3398072730155597
2019-08-07,10,11,2.375,2.905,19,21,1.22,1.177,1941,1508,574.007,418.168,1.2871352785145889,1.2783082983000014,1.3302305439568296
2019-08-08,5,3,1.62,1.083,36,10,1.53,1.157,1331,929,468.056,327.68300000000005,1.4327233584499461,1.3555158283749738,1.34886560557264
2019-08-11,2,7,3.647,1.749,60,22,2.235,1.954,1514,1140,423.10900000000004,353.751,1.3280701754385964,1.341793001906785,1.3450846175392632
2019-08-12,11,8,2.3409999999999997,2.397,21,27,1.482,1.229,1426,1083,541.562,345.36400000000003,1.316712834718375,1.32925291831258,1.3399261107499456
2019-08-13,4,10,1.703,1.895,86,85,1.864,1.636,1842,1649,534.133,452.631,1.1170406306852638,1.223146774498922,1.299401472728221
2019-08-14,4,7,2.008,2.948,27,28,1.318,1.212,1512,1143,481.042,368.895,1.3228346456692914,1.2729907100841067,1.3036620500810143
2019-08-15,8,9,1.3659999999999999,1.535,50,28,1.327,1.078,1753,1329,484.06300000000005,398.21,1.3190368698269375,1.2960137899555222,1.3064574720969404
2019-08-18,6,7,1.2109999999999999,4.323,23,28,2.293,1.6969999999999998,1372,1181,386.73,337.18699999999995,1.1617273497036409,1.2288705698295814,1.2801429025102622
2019-08-19,4,2,2.502,1.111,42,33,1.694,1.234,1322,1025,357.019,319.748,1.2897560975609756,1.2593133336952786,1.28189075625795
2019-08-20,3,4,1.994,1.819,30,22,1.712,1.244,1660,1053,456.759,328.835,1.5764482431149098,1.4178807884050943,1.3354466655189365
2019-08-21,7,4,1.68,1.3519999999999999,37,32,1.436,1.508,1531,1070,395.61800000000005,321.986,1.4308411214953272,1.4243609549502108,1.3527911127383574
2019-08-22,3,4,2.339,1.931,24,29,0.763,0.899,1814,1418,560.011,492.56800000000004,1.2792665726375176,1.351813763793864,1.3394230141104895
2019-08-25,8,7,1.5759999999999998,2.65,34,16,1.162,1.06,1293,1004,390.711,301.184,1.2878486055776892,1.3198311846857766,1.330045848677233
2019-08-26,8,4,1.829,4.225,13,12,0.5,0.975,1280,998,413.35400000000004,327.372,1.282565130260521,1.3011981574731488,1.3214129905983845
2019-08-27,8,3,2.846,1.749,14,10,1.331,1.031,1111,1024,585.719,285.378,1.0849609375,1.1930795474865743,1.278421707463479
2019-08-28,14,2,3.304,1.5419999999999998,26,11,0.7440000000000001,1.06,1444,1135,483.591,325.112,1.2722466960352423,1.2326631217609083,1.277298978096793
2019-08-29,6,10,1.6480000000000001,2.086,20,18,1.2409999999999999,0.983,1200,1242,350.67900000000003,269.653,0.966183574879227,1.0994233483200677,1.2207325404845653
2019-09-02,4,5,1.943,2.251,30,16,1.515,1.756,1393,960,335.55400000000003,262.39799999999997,1.4510416666666666,1.2752325074933673,1.2626069274650424
2019-09-03,9,10,0.97,1.432,18,6,0.9179999999999999,0.76,1222,974,384.44300000000004,293.39099999999996,1.2546201232032854,1.2649263153483263,1.2611547812242283
2019-09-04,3,3,2.595,0.266,39,27,1.2409999999999999,1.575,1662,1184,403.022,309.07599999999996,1.4037162162162162,1.3343212657822714,1.2870750422984043
2019-09-05,9,8,2.775,2.887,48,35,1.5730000000000002,1.3419999999999999,1248,1167,384.814,323.647,1.069408740359897,1.2018650030710842,1.2474993508288104
2019-09-08,6,5,2.4859999999999998,1.5719999999999998,63,46,1.4409999999999998,1.671,1265,904,328.254,259.072,1.3993362831858407,1.3006006431284625,1.2751060659215563
2019-09-09,6,3,3.3139999999999996,2.414,29,9,0.9059999999999999,0.644,1407,1021,404.98400000000004,311.67,1.3780607247796277,1.339330683954045,1.2938250948707164
2019-09-10,7,4,2.5839999999999996,0.8420000000000001,6,8,1.287,0.836,1503,1045,401.135,328.838,1.4382775119617226,1.388804097957884,1.3200891707810662
2019-09-11,8,5,1.949,1.335,21,33,0.8909999999999999,1.401,1703,1317,522.472,470.782,1.293090356871678,1.3409472274147811,1.3151802955132499
2019-09-12,6,8,1.955,2.251,13,6,0.856,0.643,1409,1011,396.06699999999995,333.19800000000004,1.393669634025717,1.3673084307202492,1.3294510843612046
2019-09-15,8,2,2.055,1.92,42,19,1.3730000000000002,1.296,1169,824,331.94199999999995,258.661,1.4186893203883495,1.3929988755542992,1.345676218209909
2019-09-16,1,6,1.8619999999999999,3.467,20,19,1.42,1.442,1229,1005,355.50800000000004,293.317,1.2228855721393035,1.3079422238468013,1.3233506461682654
2019-09-17,10,6,0.862,3.2119999999999997,21,19,0.8859999999999999,1.6469999999999998,1124,1038,323.376,307.817,1.0828516377649327,1.195396930805867,1.2796235536851341
2019-09-18,5,4,2.32,2.917,20,17,1.4409999999999998,1.244,1518,953,429.92699999999996,316.816,1.5928646379853095,1.3941307843955881,1.3365764781525402
2019-09-19,3,6,2.146,2.4130000000000003,59,43,1.119,1.5490000000000002,1502,1291,416.522,323.533,1.1634391944229279,1.278784989409258,1.305096971997637
2019-09-22,6,9,2.2,3.657,28,54,1.395,2.7310000000000003,1117,862,309.655,250.727,1.2958236658932714,1.2873043276512646,1.303410916341323
2019-09-23,8,8,3.3930000000000002,1.91,11,14,0.9329999999999999,1.107,1412,1065,432.185,331.48400000000004,1.3258215962441315,1.306562961947698,1.3074855854164886
2019-09-24,8,6,0.71,2.898,22,21,1.337,0.794,1719,1331,446.532,313.817,1.2915101427498121,1.299036552348755,1.3045809594759687
2019-09-25,3,7,1.733,3.38,60,37,1.577,1.359,1415,1132,434.059,381.39599999999996,1.25,1.2745182761743776,1.2946571486590135
2019-09-26,5,6,3.029,2.591,38,24,1.395,1.3559999999999999,1271,954,358.594,285.824,1.3322851153039832,1.3034016957391805,1.3014985971416897
2019-09-29,6,5,1.845,2.2680000000000002,40,14,1.9469999999999998,1.739,1083,780,287.366,252.926,1.3884615384615384,1.3459316171003595,1.3173100410213776
2019-09-30,11,5,3.5239999999999996,1.8659999999999999,6,11,0.996,0.604,1501,1228,496.315,353.379,1.2223127035830619,1.2841221603417106,1.3000377978477788
2019-10-01,11,4,2.1,2.645,23,24,1.074,1.9669999999999999,1343,955,415.07599999999996,316.376,1.406282722513089,1.3452024414273998,1.3193550568805767
2019-10-02,3,4,1.921,2.822,30,23,0.9179999999999999,1.5659999999999998,1288,1121,444.98400000000004,348.33,1.1489741302408565,1.2470882858341281,1.2883767065788487
2019-10-03,6,6,1.604,4.43,22,18,0.494,1.023,1127,884,335.54699999999997,270.932,1.2748868778280542,1.2609875818310912,1.2859240104421077
2019-10-06,5,4,2.198,1.3619999999999999,42,33,2.227,1.683,1025,841,352.389,244.945,1.2187871581450653,1.2398873699880784,1.2737173100235148
2019-10-07,4,6,2.273,1.188,29,26,1.102,1.11,1235,1094,358.276,322.873,1.1288848263254114,1.184386098156745,1.2473841311676397
2019-10-08,3,3,2.8819999999999997,2.076,20,12,1.469,1.9240000000000002,1384,1134,451.18800000000005,366.631,1.220458553791887,1.2024223259743159,1.2424885716445209
2019-10-09,9,7,2.17,2.2640000000000002,6,5,1.3419999999999999,0.815,1204,934,393.969,300.755,1.2890792291220556,1.2457507775481858,1.2509596002771606
2019-10-10,2,5,1.889,2.084,28,15,1.574,1.3630000000000002,1497,1215,366.406,285.22900000000004,1.2320987654320987,1.2389247714901424,1.2475303575779388
2019-10-13,3,5,1.4709999999999999,1.361,15,11,0.6859999999999999,0.8190000000000001,1071,949,312.83299999999997,273.267,1.1285563751317176,1.18374057331093,1.2258987244052821
2019-10-14,5,9,1.072,3.01,25,22,1.229,1.284,1320,1222,357.18699999999995,286.1,1.0801963993453356,1.131968486328133,1.1994073925755833
2019-10-15,8,11,1.47,1.391,25,10,1.5730000000000002,1.615,1652,1320,405.852,337.10400000000004,1.2515151515151515,1.1917418189216422,1.2088815305647767
2019-10-16,10,4,2.016,0.638,39,15,1.874,1.4569999999999999,1232,1022,366.58099999999996,283.495,1.2054794520547945,1.1986106354882184,1.2082629708356794
2019-10-17,10,6,2.966,3.0869999999999997,27,24,1.683,1.3940000000000001,1234,1007,388.401,273.495,1.2254220456802383,1.2120163405842284,1.211382802625639
2019-10-20,10,7,3.11,0.9590000000000001,47,39,0.7829999999999999,0.935,1321,1014,363.074,271.178,1.3027613412228798,1.257388840903554,1.2279970823707655
2019-10-21,3,3,3.13,1.246,39,29,1.085,1.4140000000000001,1652,1249,443.385,367.44800000000004,1.322658126501201,1.2900234837023774,1.2452081813037192
2019-10-22,8,4,2.5069999999999997,0.889,22,9,1.722,1.59,2140,1564,578.86,459.16900000000004,1.3682864450127876,1.3291549643575826,1.2675860474327973
2019-10-23,4,8,2.739,1.05,41,18,1.287,0.883,1577,1252,474.901,344.54699999999997,1.2595846645367412,1.2943698144471618,1.266131250542597
2019-10-24,6,6,2.62,3.51,27,22,1.321,1.251,1653,1254,507.061,375.639,1.3181818181818181,1.30627581631449,1.2755949901134087
2019-10-27,6,4,1.23,0.98,31,26,1.49,1.395,1665,1234,429.36400000000003,316.385,1.3492706645056727,1.3277732404100813,1.2889905672756898
2019-10-28,4,3,2.332,1.0390000000000001,34,32,1.633,1.169,1531,1208,452.876,372.916,1.2673841059602649,1.297578673185173,1.285062119763782
2019-10-29,7,4,1.6769999999999998,2.044,38,24,1.192,1.033,1781,1360,553.625,444.168,1.3095588235294118,1.3035687483572924,1.289516065902999
2019-10-30,6,5,1.686,2.146,18,11,1.133,1.2570000000000001,1675,1292,449.20300000000003,354.996,1.2964396284829722,1.3000041884201323,1.2907748954629965
2019-10-31,4,6,2.0069999999999997,2.655,23,22,1.015,2.0269999999999997,1535,1298,527.016,410.635,1.1825885978428352,1.2412963931314838,1.2711046595320243
2019-11-03,4,7,2.823,1.3259999999999998,10,8,1.173,0.6940000000000001,1515,1251,594.048,465.473,1.211031175059952,1.2261637840957178,1.260182207809814
2019-11-04,6,2,1.271,2.8369999999999997,9,5,0.857,0.9279999999999999,1438,1128,746.8589999999999,553.692,1.274822695035461,1.2504932395655894,1.2628441145781166
2019-11-05,2,4,1.198,2.136,10,21,1.218,1.476,1564,1246,653.293,534.781,1.2552166934189406,1.252854966492265,1.2614573107309925
2019-11-06,2,1,0.569,1.39,12,8,0.43200000000000005,0.653,1515,1127,604.293,489.35400000000004,1.3442768411712511,1.298565903831758,1.2765154071746876
2019-11-07,3,7,2.296,1.0190000000000001,13,9,0.7879999999999999,0.5920000000000001,1312,991,528.125,369.407,1.3239152371342078,1.3112405704829828,1.285133558076424
2019-11-10,3,3,1.4409999999999998,1.192,34,16,2.035,1.704,1439,1037,432.08099999999996,297.613,1.3876567020250723,1.3494486362540274,1.3037741297034606
2019-11-11,2,6,1.764,1.94,17,19,1.482,0.871,1167,922,339.171,262.389,1.2657266811279826,1.3075876586910051,1.2968564117806436
2019-11-12,5,4,1.5730000000000002,1.5830000000000002,31,21,1.2429999999999999,1.4040000000000001,1376,1145,353.082,258.879,1.2017467248908298,1.2546671917909173,1.279563741437035
2019-11-13,7,4,4.735,1.851,30,18,1.704,1.294,1805,1268,495.398,376.749,1.4235015772870663,1.339084384538992,1.305734257046139
2019-11-14,1,4,1.334,3.8139999999999996,8,13,1.255,0.6509999999999999,1842,1438,587.273,452.648,1.2809457579972183,1.3100150712681051,1.3012272572190613
2019-11-17,2,2,0.878,2.1519999999999997,54,22,1.3519999999999999,1.199,1428,1205,401.52099999999996,311.485,1.1850622406639004,1.2475386559660029,1.280106345118119
2019-11-18,5,3,1.196,2.312,42,19,2.403,1.703,1817,1352,455.02,339.63800000000003,1.3439349112426036,1.2957367836043032,1.2917115389589362
2019-11-19,7,4,1.54,1.482,60,18,1.53,1.534,1745,1217,485.06,377.11699999999996,1.4338537387017256,1.3647952611530143,1.3175555752758104
2019-11-20,3,4,1.415,1.011,31,34,1.875,1.371,1216,868,391.522,340.663,1.400921658986175,1.3828584600695946,1.332713045041333
2019-11-21,6,1,1.537,1.392,26,19,1.425,1.073,1417,965,528.57,404.773,1.4683937823834197,1.4256261212265071,1.3573822700126235
2019-11-24,4,0,3.549,0.49,35,9,1.183,1.189,1413,964,457.694,316.663,1.4657676348547717,1.4456968780406394,1.3770886999839245
2019-11-25,9,4,1.86,0.669,65,48,2.1719999999999997,1.73,1772,1112,525.823,347.108,1.5935251798561152,1.5196110289483773,1.416440787233416
2019-11-26,8,5,1.9480000000000002,1.2309999999999999,39,36,1.787,1.84,1527,1050,532.447,342.341,1.4542857142857142,1.4869483716170457,1.423321683061107
2019-11-28,6,5,2.5,2.276,29,18,1.6280000000000001,1.131,1076,881,345.783,244.825,1.221339387060159,1.3541438793386025,1.3865976292427515
2019-12-01,2,2,1.054,2.049,39,44,1.329,1.46,1054,823,435.358,306.41900000000004,1.2806804374240583,1.3174121583813303,1.3673399580029886
2019-12-02,2,5,0.0,0.888,19,17,1.271,1.358,1593,1310,432.934,375.907,1.216030534351145,1.2667213463662377,1.3398291537026528
2019-12-03,3,8,1.7730000000000001,2.001,25,23,1.345,1.331,1559,1019,472.374,356.26800000000003,1.5299313052011776,1.3983263257837075,1.3743931812478398
2019-12-04,10,5,2.573,1.63,25,26,2.275,1.409,1497,1187,435.47900000000004,319.574,1.2611625947767482,1.329744460280228,1.3538058018894592
2019-12-05,4,6,1.598,3.2430000000000003,44,26,1.591,1.589,1220,977,406.211,319.21299999999997,1.2487205731832138,1.289232516731721,1.3346993966701415
2019-12-08,5,5,1.864,1.1159999999999999,18,11,1.4140000000000001,1.357,1090,831,341.661,257.205,1.3116726835138388,1.3004526001227799,1.3305127215508137
2019-12-09,4,7,0.0,2.9589999999999996,50,48,1.6059999999999999,1.821,1358,1103,369.233,285.528,1.2311876699909339,1.265820135056857,1.312453621267199
2019-12-10,8,3,2.174,2.267,44,32,2.195,1.489,1532,1150,419.66,339.181,1.3321739130434782,1.2989970240501676,1.3160391288628863
2019-12-11,11,3,3.7289999999999996,1.46,25,15,1.048,1.0859999999999999,1267,814,401.977,302.63,1.5565110565110565,1.427754040280612,1.3597612975261903
2019-12-12,4,3,1.891,1.121,25,21,1.213,1.15,1110,794,350.10900000000004,247.926,1.397984886649874,1.412869463465243,1.366711041003224
2019-12-15,5,11,2.7030000000000003,2.372,28,22,1.682,0.977,1288,997,375.202,258.409,1.291875626880642,1.3523725451729425,1.3531046020718454
2019-12-16,8,2,2.557,1.5830000000000002,52,30,1.3969999999999998,2.02,1198,801,331.86199999999997,250.07,1.4956304619225969,1.4240015035477698,1.3790183947719818
2019-12-17,8,6,2.681,1.864,114,34,2.075,1.401,1452,909,459.345,301.637,1.5973597359735974,1.5106806197606835,1.4187168204450031
2019-12-18,5,5,2.13,0.8540000000000001,28,18,1.974,1.047,1314,912,388.82,297.443,1.4407894736842106,1.475735046722447,1.422730030124859
2019-12-19,3,4,1.148,2.013,20,12,1.5619999999999998,0.711,1406,1102,448.14099999999996,298.131,1.2758620689655173,1.3757985578439822,1.3960267644595241
2019-12-22,4,1,1.483,0.444,28,14,1.569,1.046,1226,765,491.653,266.72900000000004,1.6026143790849674,1.4892064684644748,1.4335881489368776
2019-12-23,5,5,3.233,0.368,51,36,1.5030000000000001,1.5319999999999998,1365,854,381.92199999999997,268.36,1.598360655737705,1.54378356210109,1.4635467865370282
2019-12-25,5,5,1.1059999999999999,2.7039999999999997,19,19,1.588,1.103,1601,872,373.39,273.79900000000004,1.8360091743119267,1.6898963682065085,1.531267220677919
2019-12-26,9,4,2.78,1.319,27,13,2.124,0.509,1585,1039,425.19300000000004,289.286,1.525505293551492,1.6077008308790002,1.5302195975640234
2019-12-29,5,6,1.527,1.7619999999999998,21,26,2.024,1.7930000000000001,1330,989,384.119,323.64,1.3447927199191103,1.4762467753990554,1.4965056198104028
2019-12-30,2,5,1.392,1.671,18,16,1.6469999999999998,1.071,1321,909,370.71,267.533,1.4532453245324533,1.4647460499657543,1.488640111578048
2020-01-01,10,6,1.514,1.964,44,22,1.338,1.6569999999999998,1654,969,420.157,315.448,1.7069143446852426,1.5858301973254985,1.5283263357793564
2020-01-02,14,4,1.745,3.9560000000000004,40,29,1.192,1.655,1449,861,469.76,408.615,1.6829268292682926,1.6343785132968955,1.5564355164137085
2020-01-05,7,4,1.224,3.3539999999999996,53,25,1.774,1.754,1242,881,386.619,306.346,1.409761634506243,1.5220700739015691,1.5297675378850784
2020-01-06,8,4,1.71,1.777,42,31,1.6280000000000001,1.8219999999999998,1476,957,426.88800000000003,376.972,1.542319749216301,1.532194911558935,1.5320497581271189
2020-01-07,8,7,3.6319999999999997,2.83,28,25,1.271,1.949,1787,1292,435.42699999999996,428.205,1.38312693498452,1.4576609232717277,1.5049728811921008
2020-01-08,5,7,2.9339999999999997,2.43,77,50,1.66,1.565,1691,1106,404.69599999999997,303.938,1.5289330922242315,1.4932970077479797,1.5093292831979428
2020-01-09,13,9,2.26,1.285,46,52,1.834,1.465,1652,1277,419.091,345.402,1.293657008613939,1.3934770081809593,1.4701161423644875
2020-01-12,7,5,2.748,0.563,49,35,1.903,2.0909999999999997,1817,1176,539.031,338.67699999999996,1.5450680272108843,1.4692725176959218,1.4837437577911052
2020-01-13,7,6,3.698,2.7889999999999997,59,46,1.6340000000000001,1.365,1630,1087,474.07300000000004,353.784,1.499540018399264,1.484406268047593,1.4866158051744067
2020-01-14,7,4,2.036,2.636,44,32,2.187,1.659,1591,991,422.695,312.712,1.6054490413723512,1.544927654709972,1.5082218481194878
2020-01-15,7,6,2.364,1.534,36,23,1.839,1.22,1992,1227,500.98699999999997,366.55699999999996,1.6234718826405867,1.5841997686752793,1.529176399850597
2020-01-16,6,2,2.157,0.621,29,26,1.643,1.056,1693,1062,511.72,335.664,1.5941619585687383,1.5891808636220088,1.5409919559811682
2020-01-20,12,6,2.8139999999999996,3.075,27,15,0.946,1.73,1817,1122,507.73800000000006,373.815,1.6194295900178253,1.6043052268199172,1.555253343987833
2020-01-21,6,1,2.8960000000000004,1.22,25,8,1.6059999999999999,0.945,1673,804,473.858,335.279,2.0808457711442787,1.842575498982098,1.6508156034708232
2020-01-22,8,3,1.4169999999999998,2.096,33,14,0.924,1.297,1715,1000,457.51599999999996,346.06800000000004,1.715,1.7787877494910491,1.6624854937488553
2020-01-23,12,4,1.7169999999999999,2.362,38,22,1.517,1.626,1748,1326,440.412,419.001,1.3182503770739065,1.5485190632824777,1.5998972907170466
2020-01-26,3,10,0.131,3.197,31,20,1.635,1.8980000000000001,1791,1343,473.955,451.139,1.3335815338793746,1.4410502985809261,1.551476244019288
2020-01-27,4,7,1.725,2.069,45,18,1.494,1.31,1922,1314,575.359,442.714,1.4627092846270928,1.4518797916040094,1.5353367968570708
2020-01-28,2,1,1.4340000000000002,1.218,43,24,1.5430000000000001,1.579,2327,1393,682.66,520.96,1.6704953338119166,1.561187562707963,1.5599110763034063
2020-01-29,3,4,3.116,2.398,43,22,1.781,0.813,2526,1703,732.706,514.462,1.4832648267762771,1.52222619474212,1.545975394571201
2020-01-30,7,7,1.551,1.548,15,20,1.23,1.123,1987,1556,529.0790000000001,396.56699999999995,1.2769922879177378,1.3996092413299288,1.4970693751796622
2020-02-02,10,6,3.325,2.437,30,15,1.355,1.6569999999999998,2471,1615,657.8610000000001,501.866,1.530030959752322,1.4648201005411254,1.5030623905565095
2020-02-03,16,7,2.657,1.102,24,6,1.212,1.732,3700,2117,887.8739999999999,633.648,1.747756258856873,1.6062881796989992,1.5475521847929392
2020-02-04,5,4,1.7619999999999998,1.9269999999999998,34,26,1.1740000000000002,1.915,2727,1738,742.2710000000001,571.493,1.5690448791714615,1.5876665294352303,1.5514599474072162
2020-02-05,6,5,0.7390000000000001,1.4769999999999999,40,15,0.885,1.247,2425,1360,685.002,509.62300000000005,1.7830882352941178,1.685377382364674,1.5935741815684712
2020-02-06,3,3,1.314,1.41,28,12,1.472,0.888,2073,1244,698.1110000000001,512.886,1.6663987138263665,1.6758880480955203,1.6068150056153612
2020-02-09,13,0,3.057,0.778,33,22,1.65,1.325,3004,1427,753.313,507.713,2.105115627189909,1.8905018376427147,1.6974151186289153
2020-02-10,5,5,2.524,2.805,51,37,1.196,1.4409999999999998,3110,1595,798.875,581.951,1.9498432601880877,1.9201725489154011,1.743311144366947
2020-02-11,11,5,3.043,1.8940000000000001,35,26,1.068,1.13,2737,1436,707.942,504.715,1.9059888579387188,1.91308070342706,1.7728889104709056
2020-02-12,4,2,4.027,1.054,63,32,0.996,1.597,3097,1477,745.584,622.009,2.096817874069059,2.0049492887480596,1.83178508567057
2020-02-13,4,1,1.68,3.2539999999999996,59,35,1.963,1.455,3188,1554,745.758,545.832,2.0514800514800515,2.0282146701140555,1.8717296249086577
2020-02-17,5,4,1.402,2.381,44,41,1.0859999999999999,1.3869999999999998,3102,1651,705.528,536.698,1.878861296184131,1.953537983149093,1.873026292413289
2020-02-18,8,6,1.4709999999999999,2.21,67,35,1.393,1.585,2979,1425,778.569,589.981,2.090526315789474,2.0220321494692834,1.9125717512089588
2020-02-19,9,2,1.6019999999999999,1.79,70,37,1.484,1.114,2980,1465,782.221,601.394,2.0341296928327646,2.028080921151024,1.9346731951405596
2020-02-20,8,6,2.9539999999999997,2.574,52,27,2.069,1.182,3156,1952,821.373,711.071,1.6168032786885247,1.8224420999197743,1.876878664876553
2020-02-23,14,6,0.608,3.335,48,26,0.9540000000000001,1.014,2886,2004,847.928,694.475,1.4401197604790419,1.631280930199408,1.7974679549860964
2020-02-24,2,11,1.305,2.843,31,32,1.081,1.712,2519,2044,707.544,598.891,1.2323874755381605,1.4318342028687843,1.6947260496319263
2020-02-25,4,6,1.911,1.575,29,33,1.133,1.535,2078,1758,645.322,530.755,1.1820250284414107,1.3069296156550974,1.6015076821427414
2020-02-26,8,7,2.175,1.9169999999999998,38,40,1.197,1.3969999999999998,2798,2439,839.387,685.81,1.1471914719147192,1.2270605437849083,1.5189047348285556
2020-02-27,6,5,2.4130000000000003,1.347,39,42,0.998,1.617,3178,3002,807.252,684.196,1.0586275816122586,1.1428440626985834,1.4352179796983198
2020-03-01,6,7,0.941,1.9780000000000002,12,12,0.447,0.8170000000000001,2615,2348,877.83,875.442,1.1137137989778534,1.1282789308382184,1.3767626741127803
2020-03-02,4,6,1.6980000000000002,1.92,40,51,1.16,1.205,2623,2385,937.059,815.653,1.09979035639413,1.1140346436161743,1.3264040708912075
2020-03-03,6,4,2.066,4.398,79,85,1.2329999999999999,1.889,2701,2512,823.5260000000001,778.3430000000001,1.0752388535031847,1.0946367485596795,1.2807376677297488
2020-03-04,4,5,1.115,0.527,88,118,1.2009999999999998,1.547,2867,2442,770.435,637.53,1.1740376740376741,1.1343372112986767,1.2613376688766442
2020-03-05,10,8,0.5660000000000001,2.72,63,54,1.3940000000000001,1.565,2583,2135,694.2689999999999,555.9780000000001,1.2098360655737705,1.1720866384362236,1.2519737410033944
2020-03-08,6,8,2.523,2.398,21,26,0.725,1.385,3055,2615,960.352,802.882,1.1682600382409178,1.1701733383385706,1.2367530677738534
2020-03-09,9,6,2.676,2.548,155,175,0.765,1.5619999999999998,2968,2534,860.948,667.2669999999999,1.171270718232044,1.1707220282853075,1.2248471860389791
2020-03-10,7,5,2.6839999999999997,1.82,62,53,1.1340000000000001,1.367,2835,2401,943.492,779.432,1.1807580174927115,1.1757400228890096,1.2168309735760212
2020-03-11,5,9,0.9520000000000001,3.031,30,28,0.847,1.25,3908,3552,1047.846,844.1439999999999,1.1002252252252251,1.1379826240571174,1.195629928421331
2020-03-12,5,8,1.4409999999999998,2.694,46,65,1.446,1.462,4536,3822,1161.8010000000002,982.51,1.1868131868131868,1.162397905435152,1.1940268844925774
2020-03-15,8,4,2.0,2.202,34,29,1.204,1.339,3444,2811,1097.6860000000001,848.9989999999999,1.2251867662753468,1.1937923358552496,1.1996923175439902
2020-03-16,7,7,2.351,1.175,86,73,1.71,2.1519999999999997,2915,2461,963.698,810.1010000000001,1.1844778545306787,1.189135095192964,1.1969260515415698
2020-03-17,5,2,0.841,2.5810000000000004,66,34,1.401,1.651,3982,2984,975.9960000000001,789.556,1.334450402144772,1.261792748668868,1.2219304789239702
2020-03-18,5,5,1.805,2.336,38,36,1.483,1.936,3167,2478,915.926,787.242,1.278046811945117,1.2699197803069926,1.2321334485641788
2020-03-19,6,5,1.121,3.02,118,87,1.3659999999999999,1.808,4061,3663,1052.0839999999998,999.273,1.1086541086541086,1.1892869444805507,1.2096826594896206
2020-03-22,4,1,2.9219999999999997,0.48100000000000004,41,28,1.7719999999999998,2.21,2845,2598,875.993,918.784,1.0950731331793688,1.1421800388299599,1.1888445637968477
2020-03-23,5,8,2.846,3.426,50,51,1.037,2.225,3894,3619,1033.138,1007.597,1.0759878419452888,1.1090839403876243,1.1683251598238371
2020-03-24,6,8,1.228,3.175,80,84,1.361,2.23,3060,2843,917.183,847.188,1.0763278227224762,1.0927058815550503,1.1515983712599531
2020-03-25,6,5,2.5540000000000003,1.369,57,52,1.079,1.6740000000000002,3884,3284,997.262,955.1289999999999,1.1827040194884288,1.1377049505217396,1.1572539436651306
2020-03-26,5,5,2.7110000000000003,2.9789999999999996,60,40,1.524,1.548,3387,2838,910.5360000000001,847.0210000000001,1.193446088794926,1.1655755196583328,1.1638343336887296
2020-03-29,15,9,2.378,4.138,90,70,1.227,1.761,3193,2738,843.482,782.929,1.1661796932067203,1.1658776064325265,1.1642607626920005
2020-03-30,12,4,2.6289999999999996,2.405,114,103,1.635,2.025,2918,2565,908.9680000000001,826.2869999999999,1.1376218323586744,1.1517497193956006,1.159417320813214
2020-03-31,8,5,1.202,2.359,118,105,1.534,1.6269999999999998,2804,2503,866.6419999999999,798.074,1.1202556931681982,1.1360027062818994,1.1522970248777564
2020-04-01,8,4,1.534,2.736,5,1,0.65,0.9229999999999999,2463,1844,632.09,651.96,1.3356832971800434,1.2358430017309714,1.1856399834781723
2020-04-02,4,11,0.7829999999999999,3.014,123,134,1.834,1.7530000000000001,2733,2792,788.758,659.584,0.9788681948424068,1.1073555982866892,1.148045112817124
2020-04-05,4,9,3.9219999999999997,2.381,54,61,1.5030000000000001,1.3880000000000001,3026,2790,775.693,734.039,1.0845878136200717,1.0959717059533804,1.1365074220540237
2020-04-06,7,8,1.2109999999999999,1.515,54,55,1.86,1.8559999999999999,2958,2473,721.4119999999999,609.361,1.1961180752122929,1.1460448905828367,1.1473457226282544
2020-04-07,7,12,2.563,2.623,89,82,1.5490000000000002,1.786,2588,2364,792.0930000000001,674.597,1.0947546531302876,1.1203997718565621,1.1377837099922605
2020-04-08,9,7,1.141,2.99,66,56,1.194,2.044,3756,2912,1018.73,878.1619999999999,1.289835164835165,1.2051174683458634,1.1654294290546068
2020-04-12,4,7,1.355,2.469,42,33,1.041,1.7009999999999998,3066,2395,1052.282,710.6339999999999,1.2801670146137787,1.242642241479821,1.1862908082471832
2020-04-13,10,13,1.867,3.8760000000000003,32,44,1.122,1.9709999999999999,3331,2753,890.684,725.033,1.209952778786778,1.2262975101332996,1.1905929847089278
2020-04-14,7,5,2.294,0.943,38,38,0.76,1.062,3118,2263,1001.572,783.0989999999999,1.377817057003977,1.3020572835686384,1.2246337251262096
2020-04-15,11,5,1.6159999999999999,1.5030000000000001,62,60,1.0190000000000001,1.4480000000000002,3575,2704,921.421,809.561,1.3221153846153846,1.3120863340920115,1.2423576632151505
2020-04-16,6,10,2.766,3.0439999999999996,61,46,1.32,1.242,3590,2639,973.92,748.4119999999999,1.3603637741568777,1.3362250541244447,1.26381331975001
2020-04-19,3,8,1.431,3.5439999999999996,23,22,1.033,1.032,2823,2355,924.8380000000001,810.4730000000001,1.1987261146496815,1.267475584387063,1.2519792824590412
2020-04-20,8,6,1.984,2.991,30,28,0.7509999999999999,0.546,2516,1960,828.5939999999999,698.557,1.2836734693877552,1.275574526887409,1.2577418619006255
2020-04-21,8,7,1.153,3.783,10,8,0.657,0.425,2452,2031,871.6030000000001,650.875,1.207287050713934,1.2414307888006715,1.2485682598666816
2020-04-22,4,8,2.55,2.637,57,52,0.687,0.387,2919,2206,832.955,667.492,1.3232094288304623,1.282320108815567,1.2621393814964599
2020-04-23,8,7,1.545,3.4960000000000004,30,37,0.6409999999999999,1.02,2039,1718,577.822,481.35699999999997,1.1868451688009314,1.234582638808249,1.2484495246427274
