,title,title,title,title,body,body,body,body,comments,comments,comments,comments
,Bull,Bear,Positive,Negative,Bull,Bear,Positive,Negative,Bull,Bear,Positive,Negative
Date,,,,,,,,,,,,
2019-04-23,6,3,1.035,1.121,30,11,1.013,0.389,1895,1032,531.996,359.557
2019-04-24,4,2,3.483,1.249,45,25,0.623,0.884,1487,806,435.778,305.913
2019-04-25,5,0,2.991,1.651,6,0,0.341,0.203,1502,753,333.915,221.972
2019-04-26,8,6,3.669,0.626,5,4,0.4,0.602,1046,637,291.097,194.229
2019-04-27,8,6,2.054,0.857,14,9,0.492,0.5,1092,614,298.643,185.659
2019-04-28,7,3,1.149,1.156,3,0,0.349,0.274,1330,798,383.922,285.132
2019-04-29,8,7,2.514,1.414,0,0,0.074,0.271,1609,904,519.676,359.177
2019-04-30,2,3,1.002,0.77,26,20,0.657,0.668,1289,920,425.364,328.053
2019-05-01,5,0,2.983,0.691,21,11,0.983,0.79,1164,760,377.665,253.103
2019-05-02,4,2,2.002,1.783,6,4,0.499,0.448,1225,845,351.365,249.081
2019-05-03,7,4,3.61,1.98,41,29,0.718,0.605,592,371,220.981,164.809
2019-05-04,10,2,2.121,1.436,7,3,0.247,0.232,891,745,323.84,273.907
2019-05-05,7,6,3.899,1.097,3,1,0.206,0.287,1063,786,334.461,265.294
2019-05-06,2,5,1.594,1.917,3,2,0.33,0.815,1264,894,386.87,266.114
2019-05-07,8,7,2.167,2.346,22,15,0.262,0.297,1470,1068,438.105,338.609
2019-05-08,2,4,2.502,1.478,3,3,0.334,0.805,1092,882,388.566,288.459
2019-05-09,11,2,2.066,1.391,16,12,0.878,0.517,1405,1136,412.66,331.433
2019-05-10,1,5,3.799,1.806,84,43,0.678,0.252,557,421,260.495,217.582
2019-05-11,6,3,3.306,0.911,7,5,0.241,0.783,718,547,219.156,161.186
2019-05-12,6,6,2.551,1.417,19,35,1.079,0.75,1162,987,343.625,296.704
2019-05-13,12,5,2.815,1.886,3,2,0.518,0.506,988,807,273.13,224.854
2019-05-14,6,10,1.853,2.052,14,10,0.799,1.096,1233,1098,329.767,278.771
2019-05-15,3,4,1.522,1.155,3,2,0.465,1.111,1219,867,406.789,276.378
2019-05-16,5,6,2.477,1.797,17,15,1.244,0.814,1227,976,352.044,254.988
2019-05-17,6,5,2.114,2.094,26,16,0.488,0.334,472,403,152.573,99.315
2019-05-18,7,9,1.174,2.937,19,12,0.337,0.48,456,370,152.595,127.225
2019-05-19,5,4,2.483,1.428,14,9,0.333,0.883,907,591,299.793,242.111
2019-05-20,6,2,2.076,1.333,31,22,1.177,0.74,1154,857,366.003,253.025
2019-05-21,3,2,1.95,2.638,43,33,1.577,1.319,1558,1335,434.677,369.228
2019-05-22,7,5,4.276,2.516,18,11,0.715,0.581,1270,995,322.905,279.668
2019-05-23,5,3,0.998,1.924,25,15,1.14,0.73,1096,900,313.187,245.859
2019-05-24,6,9,2.646,2.191,67,41,1.394,0.949,761,639,187.494,127.037
2019-05-25,6,4,1.318,1.141,20,9,1.062,1.26,568,444,200.008,140.271
2019-05-26,5,1,1.488,0.396,27,13,1.074,0.605,1078,736,275.385,199.551
2019-05-27,5,8,1.381,1.178,23,17,1.461,1.31,1207,946,298.968,216.072
2019-05-28,6,3,3.939,2.121,23,36,2.511,1.387,1227,1063,345.775,278.882
2019-05-29,7,3,0.87,2.036,37,39,1.079,1.311,1223,1202,355.505,295.962
2019-05-30,9,3,3.565,2.324,24,25,0.873,1.166,1553,1314,491.96,397.958
2019-05-31,7,8,1.647,3.149,52,41,1.569,1.184,943,818,263.467,173.042
2019-06-01,5,5,3.225,1.195,39,50,0.68,0.551,779,708,236.056,193.594
2019-06-02,9,6,1.358,1.323,6,5,0.287,0.655,1096,928,314.035,272.167
2019-06-03,6,4,2.426,1.511,21,10,0.569,0.787,1078,873,332.296,265.378
2019-06-04,5,6,2.643,1.083,19,13,0.998,0.655,1196,996,369.536,334.881
2019-06-05,7,8,1.22,1.627,19,21,1.213,0.987,1239,1050,344.269,281.494
2019-06-06,8,4,2.395,0.977,25,17,1.163,0.862,1385,1092,296.977,251.131
2019-06-07,10,9,2.862,2.205,19,25,1.471,1.119,1223,867,338.695,268.765
2019-06-08,4,4,1.847,3.058,49,39,0.953,0.614,780,695,205.954,147.709
2019-06-09,7,3,1.555,0.677,28,31,1.198,2.007,1694,1278,429.422,299.514
2019-06-10,8,7,1.717,1.499,50,55,2.105,1.572,1575,1211,484.263,329.116
2019-06-11,6,3,1.715,1.505,15,20,0.955,0.72,1239,998,355.379,266.56
2019-06-12,1,4,1.995,2.401,11,7,1.92,0.576,1167,904,348.846,274.693
2019-06-13,10,9,1.678,1.305,12,8,0.515,0.89,964,759,279.374,224.726
2019-06-14,2,7,3.024,3.124,59,31,0.863,0.943,624,555,217.733,184.79
2019-06-15,3,4,1.153,1.118,22,6,1.441,1.214,801,544,226.028,151.559
2019-06-16,4,1,2.323,1.388,22,18,0.667,0.947,957,599,257.071,184.843
2019-06-17,7,2,2.529,2.407,24,20,1.434,1.122,1450,944,351.162,269.671
2019-06-18,6,3,1.439,2.287,43,32,1.282,0.934,1277,954,379.876,323.94
2019-06-19,8,6,1.937,2.36,38,25,1.251,1.678,1788,1277,448.883,367.696
2019-06-20,9,7,1.152,2.185,51,47,1.972,1.02,1511,1124,420.349,286.654
2019-06-21,7,2,1.278,2.086,16,7,1.539,0.98,795,647,214.11,160.228
2019-06-22,7,5,4.005,2.074,13,7,0.778,0.622,775,608,234.772,169.659
2019-06-23,2,4,1.493,1.589,24,20,1.609,1.035,1244,833,365.219,256.447
2019-06-24,6,9,2.225,2.505,21,18,0.791,0.825,1574,1114,454.219,384.811
2019-06-25,4,4,2.108,1.766,19,23,1.138,1.012,1403,923,448.278,336.164
2019-06-26,6,3,0.697,0.985,42,21,1.895,1.363,1119,818,403.462,310.385
2019-06-27,4,7,1.284,2.906,19,29,1.039,1.317,1150,748,298.278,238.442
2019-06-28,6,6,2.249,2.391,17,12,0.825,1.113,730,400,658.395,123.055
2019-06-29,5,3,3.374,0.636,38,28,0.868,0.653,711,418,499.746,138.186
2019-06-30,9,4,2.921,0.992,31,12,1.199,1.891,1206,757,556.037,247.638
2019-07-01,8,4,2.561,1.473,16,6,1.381,0.639,1306,868,416.405,286.677
2019-07-02,7,0,2.749,1.469,26,21,1.111,1.169,1178,789,349.131,231.449
2019-07-03,6,1,1.704,1.251,4,4,0.663,0.687,875,537,275.544,176.937
2019-07-04,4,3,0.547,2.331,24,14,1.571,1.67,1177,862,336.855,274.002
2019-07-05,7,6,2.723,2.386,70,52,1.076,0.382,586,367,192.271,156.415
2019-07-06,1,4,0.83,1.275,8,4,0.65,0.64,736,608,275.732,178.082
2019-07-07,4,7,0.923,2.21,10,7,1.106,0.875,1188,921,329.72,260.138
2019-07-08,9,2,1.97,1.159,30,28,2.063,2.079,1577,1019,492.537,324.526
2019-07-09,9,7,2.058,2.008,16,13,2.135,1.405,1031,733,291.483,233.51
2019-07-10,4,2,0.921,2.345,23,15,0.939,1.1,1311,898,400.02,315.676
2019-07-11,4,4,3.036,1.704,13,6,0.865,0.411,1155,749,368.182,238.795
2019-07-12,7,6,2.618,2.346,10,7,0.95,1.11,465,382,144.33,112.313
2019-07-13,4,11,1.531,2.766,31,18,1.414,1.265,940,794,317.786,218.62
2019-07-14,6,2,2.306,1.385,31,13,1.89,0.935,1300,855,350.717,257.047
2019-07-15,7,8,1.751,1.672,17,27,1.028,1.443,1312,884,362.11,252.32
2019-07-16,2,5,3.174,0.799,36,33,1.762,0.691,1608,1301,466.233,336.805
2019-07-17,2,3,2.431,1.15,27,17,1.541,0.696,1711,969,494.608,341.135
2019-07-18,6,8,2.964,1.286,71,58,1.077,1.206,1405,983,386.876,293.266
2019-07-19,6,2,1.544,1.382,118,57,1.728,0.904,651,389,208.275,128.764
2019-07-20,9,7,2.227,1.788,93,82,1.188,0.765,1001,723,300.161,208.309
2019-07-21,9,1,3.436,1.566,77,47,1.865,1.169,1449,977,393.287,278.741
2019-07-22,5,2,2.473,1.559,27,15,1.042,0.587,1321,776,354.636,264.819
2019-07-23,3,2,4.115,0.704,30,13,1.936,0.892,2043,1403,624.496,464.801
2019-07-24,11,8,1.823,1.381,34,10,0.616,0.418,1535,1101,420.028,315.808
2019-07-25,6,4,2.699,1.406,30,22,1.124,1.54,1581,1025,433.287,303.657
2019-07-26,10,6,2.295,1.792,61,27,1.488,1.322,869,615,289.449,197.231
2019-07-27,4,9,4.521,2.715,13,12,2.131,1.089,900,749,255.912,184.955
2019-07-28,7,2,2.764,1.564,8,11,0.971,0.599,1410,927,438.628,345.162
2019-07-29,9,3,2.727,1.013,9,12,0.61,0.663,1285,930,459.683,371.284
2019-07-30,8,4,1.945,1.288,21,46,1.096,0.719,1405,949,453.539,330.294
2019-07-31,6,4,2.251,1,18,15,1.179,0.76,1504,1253,452.406,397.53
2019-08-01,6,4,2.325,1.504,5,5,1.701,1.6,1367,984,420.05,319.355
2019-08-02,11,4,3.962,1.938,75,65,1.228,1.108,744,557,217.607,149.697
2019-08-03,11,8,1.431,2.618,22,15,1.681,1.532,1003,786,251.839,207.528
2019-08-04,3,12,1.137,2.447,13,15,0.974,0.587,1267,1150,452.621,365.11
2019-08-05,8,10,2.776,1.815,35,42,1.181,1.622,1319,990,431.397,342.338
2019-08-06,2,1,2.505,0.77,14,6,2.13,1.384,1305,1038,443.199,335.111
2019-08-07,10,11,2.375,2.905,19,21,1.22,1.177,1941,1508,574.007,418.168
2019-08-08,5,3,1.62,1.083,36,10,1.53,1.157,1331,929,468.056,327.683
2019-08-09,11,7,5.034,2.117,17,19,1.197,0.591,957,675,302.226,243.104
2019-08-10,6,11,3.144,3.372,29,23,1.088,1.325,927,797,266.221,216.812
2019-08-11,2,7,3.647,1.749,60,22,2.235,1.954,1514,1140,423.109,353.751
2019-08-12,11,8,2.341,2.397,21,27,1.482,1.229,1426,1083,541.562,345.364
2019-08-13,4,10,1.703,1.895,86,85,1.864,1.636,1842,1649,534.133,452.631
2019-08-14,4,7,2.008,2.948,27,28,1.318,1.212,1512,1143,481.042,368.895
2019-08-15,8,9,1.366,1.535,50,28,1.327,1.078,1753,1329,484.063,398.21
2019-08-16,9,7,1.937,2.501,12,26,0.942,0.856,1012,816,278.594,224.619
2019-08-17,8,2,2.337,2.28,33,29,1.702,1.467,1006,789,318.862,231.105
2019-08-18,6,7,1.211,4.323,23,28,2.293,1.697,1372,1181,386.73,337.187
2019-08-19,4,2,2.502,1.111,42,33,1.694,1.234,1322,1025,357.019,319.748
2019-08-20,3,4,1.994,1.819,30,22,1.712,1.244,1660,1053,456.759,328.835
2019-08-21,7,4,1.68,1.352,37,32,1.436,1.508,1531,1070,395.618,321.986
2019-08-22,3,4,2.339,1.931,24,29,0.763,0.899,1814,1418,560.011,492.568
2019-08-23,9,5,1.357,0.85,26,28,1.552,1.744,907,720,289.276,229.278
2019-08-24,10,7,2.642,2.222,24,17,1.169,1.349,856,725,264.564,240.891
2019-08-25,8,7,1.576,2.65,34,16,1.162,1.06,1293,1004,390.711,301.184
2019-08-26,8,4,1.829,4.225,13,12,0.5,0.975,1280,998,413.354,327.372
2019-08-27,8,3,2.846,1.749,14,10,1.331,1.031,1111,1024,585.719,285.378
2019-08-28,14,2,3.304,1.542,26,11,0.744,1.06,1444,1135,483.591,325.112
2019-08-29,6,10,1.648,2.086,20,18,1.241,0.983,1200,1242,350.679,269.653
2019-08-30,4,3,1.433,1.663,112,83,1.782,1.103,824,657,205.579,159.19
2019-08-31,5,9,1.987,3.007,74,61,1.078,1.526,888,814,226.187,196.195
2019-09-01,3,5,1.397,2.92,55,49,1.435,1.407,897,865,282.468,228.885
2019-09-02,4,5,1.943,2.251,30,16,1.515,1.756,1393,960,335.554,262.398
2019-09-03,9,10,0.97,1.432,18,6,0.918,0.76,1222,974,384.443,293.391
2019-09-04,3,3,2.595,0.266,39,27,1.241,1.575,1662,1184,403.022,309.076
2019-09-05,9,8,2.775,2.887,48,35,1.573,1.342,1248,1167,384.814,323.647
2019-09-06,3,6,3.328,1.449,34,15,1.112,1.02,773,616,209.005,173.372
2019-09-07,6,5,1.56,2.111,54,50,1.431,1.136,1022,784,274.818,205.778
2019-09-08,6,5,2.486,1.572,63,46,1.441,1.671,1265,904,328.254,259.072
2019-09-09,6,3,3.314,2.414,29,9,0.906,0.644,1407,1021,404.984,311.67
2019-09-10,7,4,2.584,0.842,6,8,1.287,0.836,1503,1045,401.135,328.838
2019-09-11,8,5,1.949,1.335,21,33,0.891,1.401,1703,1317,522.472,470.782
2019-09-12,6,8,1.955,2.251,13,6,0.856,0.643,1409,1011,396.067,333.198
2019-09-13,4,2,1.842,1.093,7,10,0.598,0.538,728,538,236.101,158.809
2019-09-14,5,7,1.581,2.846,12,21,0.56,1.019,779,577,252.463,197.989
2019-09-15,8,2,2.055,1.92,42,19,1.373,1.296,1169,824,331.942,258.661
2019-09-16,1,6,1.862,3.467,20,19,1.42,1.442,1229,1005,355.508,293.317
2019-09-17,10,6,0.862,3.212,21,19,0.886,1.647,1124,1038,323.376,307.817
2019-09-18,5,4,2.32,2.917,20,17,1.441,1.244,1518,953,429.927,316.816
2019-09-19,3,6,2.146,2.413,59,43,1.119,1.549,1502,1291,416.522,323.533
2019-09-20,6,8,1.393,2.782,85,59,1.95,1.213,671,558,174.498,139.042
2019-09-21,4,4,2.885,1.763,38,21,2.548,1.644,1093,806,280.431,182.427
2019-09-22,6,9,2.2,3.657,28,54,1.395,2.731,1117,862,309.655,250.727
2019-09-23,8,8,3.393,1.91,11,14,0.933,1.107,1412,1065,432.185,331.484
2019-09-24,8,6,0.71,2.898,22,21,1.337,0.794,1719,1331,446.532,313.817
2019-09-25,3,7,1.733,3.38,60,37,1.577,1.359,1415,1132,434.059,381.396
2019-09-26,5,6,3.029,2.591,38,24,1.395,1.356,1271,954,358.594,285.824
2019-09-27,14,3,2.135,1.973,32,23,1.414,1.051,633,502,200.282,162.485
2019-09-28,7,4,1.591,1.204,24,17,1.513,0.827,836,545,220.604,187.33
2019-09-29,6,5,1.845,2.268,40,14,1.947,1.739,1083,780,287.366,252.926
2019-09-30,11,5,3.524,1.866,6,11,0.996,0.604,1501,1228,496.315,353.379
2019-10-01,11,4,2.1,2.645,23,24,1.074,1.967,1343,955,415.076,316.376
2019-10-02,3,4,1.921,2.822,30,23,0.918,1.566,1288,1121,444.984,348.33
2019-10-03,6,6,1.604,4.43,22,18,0.494,1.023,1127,884,335.547,270.932
2019-10-04,6,5,2.47,2.872,52,38,1.419,1.526,653,451,198.32,111.161
2019-10-05,2,2,1.983,1.193,13,11,1.776,1.233,815,638,255.815,202.956
2019-10-06,5,4,2.198,1.362,42,33,2.227,1.683,1025,841,352.389,244.945
2019-10-07,4,6,2.273,1.188,29,26,1.102,1.11,1235,1094,358.276,322.873
2019-10-08,3,3,2.882,2.076,20,12,1.469,1.924,1384,1134,451.188,366.631
2019-10-09,9,7,2.17,2.264,6,5,1.342,0.815,1204,934,393.969,300.755
2019-10-10,2,5,1.889,2.084,28,15,1.574,1.363,1497,1215,366.406,285.229
2019-10-11,6,6,1.479,2.232,32,17,1.393,0.96,577,463,178.961,126.671
2019-10-12,6,6,2.849,3.992,40,12,1.845,2.296,952,714,286.888,216.392
2019-10-13,3,5,1.471,1.361,15,11,0.686,0.819,1071,949,312.833,273.267
2019-10-14,5,9,1.072,3.01,25,22,1.229,1.284,1320,1222,357.187,286.1
2019-10-15,8,11,1.47,1.391,25,10,1.573,1.615,1652,1320,405.852,337.104
2019-10-16,10,4,2.016,0.638,39,15,1.874,1.457,1232,1022,366.581,283.495
2019-10-17,10,6,2.966,3.087,27,24,1.683,1.394,1234,1007,388.401,273.495
2019-10-18,6,3,2.406,3.425,64,59,1.983,1.454,924,607,275.656,174.28
2019-10-19,3,3,2.148,1.051,20,8,1.334,1.229,958,703,308.19,187.458
2019-10-20,10,7,3.11,0.959,47,39,0.783,0.935,1321,1014,363.074,271.178
2019-10-21,3,3,3.13,1.246,39,29,1.085,1.414,1652,1249,443.385,367.448
2019-10-22,8,4,2.507,0.889,22,9,1.722,1.59,2140,1564,578.86,459.169
2019-10-23,4,8,2.739,1.05,41,18,1.287,0.883,1577,1252,474.901,344.547
2019-10-24,6,6,2.62,3.51,27,22,1.321,1.251,1653,1254,507.061,375.639
2019-10-25,4,8,1.883,2.9,31,12,1.605,1.209,936,633,270.596,179.75
2019-10-26,3,6,3.524,0.237,36,16,1.355,0.761,748,543,284.053,208.991
2019-10-27,6,4,1.23,0.98,31,26,1.49,1.395,1665,1234,429.364,316.385
2019-10-28,4,3,2.332,1.039,34,32,1.633,1.169,1531,1208,452.876,372.916
2019-10-29,7,4,1.677,2.044,38,24,1.192,1.033,1781,1360,553.625,444.168
2019-10-30,6,5,1.686,2.146,18,11,1.133,1.257,1675,1292,449.203,354.996
2019-10-31,4,6,2.007,2.655,23,22,1.015,2.027,1535,1298,527.016,410.635
2019-11-01,7,11,1.868,0.909,38,19,1.189,1.035,1076,914,302.973,256.705
2019-11-02,3,7,1.671,2.06,18,18,1.114,0.925,1130,917,366.406,268.956
2019-11-03,4,7,2.823,1.326,10,8,1.173,0.694,1515,1251,594.048,465.473
2019-11-04,6,2,1.271,2.837,9,5,0.857,0.928,1438,1128,746.859,553.692
2019-11-05,2,4,1.198,2.136,10,21,1.218,1.476,1564,1246,653.293,534.781
2019-11-06,2,1,0.569,1.39,12,8,0.432,0.653,1515,1127,604.293,489.354
2019-11-07,3,7,2.296,1.019,13,9,0.788,0.592,1312,991,528.125,369.407
2019-11-08,2,5,2.185,2.302,17,20,0.803,0.421,816,743,309.359,243.067
2019-11-09,8,6,2.466,1.83,44,47,2.645,1.921,1029,754,290.936,205.802
2019-11-10,3,3,1.441,1.192,34,16,2.035,1.704,1439,1037,432.081,297.613
2019-11-11,2,6,1.764,1.94,17,19,1.482,0.871,1167,922,339.171,262.389
2019-11-12,5,4,1.573,1.583,31,21,1.243,1.404,1376,1145,353.082,258.879
2019-11-13,7,4,4.735,1.851,30,18,1.704,1.294,1805,1268,495.398,376.749
2019-11-14,1,4,1.334,3.814,8,13,1.255,0.651,1842,1438,587.273,452.648
2019-11-15,4,11,1.821,3.091,64,39,1.425,1.801,817,851,223.931,179.373
2019-11-16,10,4,3.161,0.252,64,45,2.15,1.728,1169,925,300.023,197.767
2019-11-17,2,2,0.878,2.152,54,22,1.352,1.199,1428,1205,401.521,311.485
2019-11-18,5,3,1.196,2.312,42,19,2.403,1.703,1817,1352,455.02,339.638
2019-11-19,7,4,1.54,1.482,60,18,1.53,1.534,1745,1217,485.06,377.117
2019-11-20,3,4,1.415,1.011,31,34,1.875,1.371,1216,868,391.522,340.663
2019-11-21,6,1,1.537,1.392,26,19,1.425,1.073,1417,965,528.57,404.773
2019-11-22,10,7,4.193,0.9,60,35,1.551,1.497,773,576,273.292,172.916
2019-11-23,8,5,2.561,1.037,19,25,0.872,0.945,770,591,221.564,153.283
2019-11-24,4,0,3.549,0.49,35,9,1.183,1.189,1413,964,457.694,316.663
2019-11-25,9,4,1.86,0.669,65,48,2.172,1.73,1772,1112,525.823,347.108
2019-11-26,8,5,1.948,1.231,39,36,1.787,1.84,1527,1050,532.447,342.341
2019-11-27,4,4,2.934,0.848,63,35,2.605,1.352,858,662,277.597,196.558
2019-11-28,6,5,2.5,2.276,29,18,1.628,1.131,1076,881,345.783,244.825
2019-11-29,5,5,1.104,2.49,34,30,1.523,1.603,605,490,214.973,153.851
2019-11-30,5,1,2.279,1.415,35,26,1.465,1.269,1113,795,400.61,299.759
2019-12-01,2,2,1.054,2.049,39,44,1.329,1.46,1054,823,435.358,306.419
2019-12-02,2,5,0,0.888,19,17,1.271,1.358,1593,1310,432.934,375.907
2019-12-03,3,8,1.773,2.001,25,23,1.345,1.331,1559,1019,472.374,356.268
2019-12-04,10,5,2.573,1.63,25,26,2.275,1.409,1497,1187,435.479,319.574
2019-12-05,4,6,1.598,3.243,44,26,1.591,1.589,1220,977,406.211,319.213
2019-12-06,5,8,1.736,1.436,107,93,1.739,1.201,935,607,220.857,152.586
2019-12-07,6,2,2.573,0.943,19,10,1.218,1.039,963,671,310.927,201.878
2019-12-08,5,5,1.864,1.116,18,11,1.414,1.357,1090,831,341.661,257.205
2019-12-09,4,7,0,2.959,50,48,1.606,1.821,1358,1103,369.233,285.528
2019-12-10,8,3,2.174,2.267,44,32,2.195,1.489,1532,1150,419.66,339.181
2019-12-11,11,3,3.729,1.46,25,15,1.048,1.086,1267,814,401.977,302.63
2019-12-12,4,3,1.891,1.121,25,21,1.213,1.15,1110,794,350.109,247.926
2019-12-13,4,5,2.324,3.334,26,18,1.424,0.854,693,503,266.54,175.48
2019-12-14,6,3,2.485,2.11,67,46,2.088,1.209,847,634,212.499,136.85
2019-12-15,5,11,2.703,2.372,28,22,1.682,0.977,1288,997,375.202,258.409
2019-12-16,8,2,2.557,1.583,52,30,1.397,2.02,1198,801,331.862,250.07
2019-12-17,8,6,2.681,1.864,114,34,2.075,1.401,1452,909,459.345,301.637
2019-12-18,5,5,2.13,0.854,28,18,1.974,1.047,1314,912,388.82,297.443
2019-12-19,3,4,1.148,2.013,20,12,1.562,0.711,1406,1102,448.141,298.131
2019-12-20,6,1,2.133,3.655,39,32,1.871,1.593,635,420,191.676,134.822
2019-12-21,7,3,1.844,1.858,31,27,2.122,1.151,1012,746,249.438,182.763
2019-12-22,4,1,1.483,0.444,28,14,1.569,1.046,1226,765,491.653,266.729
2019-12-23,5,5,3.233,0.368,51,36,1.503,1.532,1365,854,381.922,268.36
2019-12-24,6,2,1.607,1.449,32,17,1.573,1.127,942,662,360.573,222.689
2019-12-25,5,5,1.106,2.704,19,19,1.588,1.103,1601,872,373.39,273.799
2019-12-26,9,4,2.78,1.319,27,13,2.124,0.509,1585,1039,425.193,289.286
2019-12-27,11,4,2.571,1.613,66,72,2.122,1.292,964,666,271.892,163.447
2019-12-28,6,2,2.052,0.968,59,49,1.134,1.013,1024,769,301.819,218.035
2019-12-29,5,6,1.527,1.762,21,26,2.024,1.793,1330,989,384.119,323.64
2019-12-30,2,5,1.392,1.671,18,16,1.647,1.071,1321,909,370.71,267.533
2019-12-31,2,4,2.495,2.561,36,11,1.168,1.221,1271,844,404.513,274.545
2020-01-01,10,6,1.514,1.964,44,22,1.338,1.657,1654,969,420.157,315.448
2020-01-02,14,4,1.745,3.956,40,29,1.192,1.655,1449,861,469.76,408.615
2020-01-03,7,4,2.151,2.086,66,44,0.936,1.191,668,450,220.046,139.913
2020-01-04,7,8,2.875,4.086,35,56,1.297,1.333,943,736,272.206,235.281
2020-01-05,7,4,1.224,3.354,53,25,1.774,1.754,1242,881,386.619,306.346
2020-01-06,8,4,1.71,1.777,42,31,1.628,1.822,1476,957,426.888,376.972
2020-01-07,8,7,3.632,2.83,28,25,1.271,1.949,1787,1292,435.427,428.205
2020-01-08,5,7,2.934,2.43,77,50,1.66,1.565,1691,1106,404.696,303.938
2020-01-09,13,9,2.26,1.285,46,52,1.834,1.465,1652,1277,419.091,345.402
2020-01-10,9,4,1.068,0.9,34,32,1.195,1.38,1138,753,261.369,206.716
2020-01-11,8,4,3.175,1.264,57,78,1.704,1.197,1397,895,350.333,222.193
2020-01-12,7,5,2.748,0.563,49,35,1.903,2.091,1817,1176,539.031,338.677
2020-01-13,7,6,3.698,2.789,59,46,1.634,1.365,1630,1087,474.073,353.784
2020-01-14,7,4,2.036,2.636,44,32,2.187,1.659,1591,991,422.695,312.712
2020-01-15,7,6,2.364,1.534,36,23,1.839,1.22,1992,1227,500.987,366.557
2020-01-16,6,2,2.157,0.621,29,26,1.643,1.056,1693,1062,511.72,335.664
2020-01-17,6,3,2.683,0.172,113,52,1.487,1.561,1064,602,291.809,224.641
2020-01-18,5,4,2.057,1.677,59,28,2.162,1.452,1346,858,373.292,263.883
2020-01-19,2,5,1.577,1.836,68,52,2.301,1.696,1341,1053,376.393,322.983
2020-01-20,12,6,2.814,3.075,27,15,0.946,1.73,1817,1122,507.738,373.815
2020-01-21,6,1,2.896,1.22,25,8,1.606,0.945,1673,804,473.858,335.279
2020-01-22,8,3,1.417,2.096,33,14,0.924,1.297,1715,1000,457.516,346.068
2020-01-23,12,4,1.717,2.362,38,22,1.517,1.626,1748,1326,440.412,419.001
2020-01-24,6,4,2.707,1.392,29,16,1.788,1.647,875,583,286.051,210.267
2020-01-25,11,8,3.942,3.124,35,33,1.533,1.44,1404,1051,401.709,339.72
2020-01-26,3,10,0.131,3.197,31,20,1.635,1.898,1791,1343,473.955,451.139
2020-01-27,4,7,1.725,2.069,45,18,1.494,1.31,1922,1314,575.359,442.714
2020-01-28,2,1,1.434,1.218,43,24,1.543,1.579,2327,1393,682.66,520.96
2020-01-29,3,4,3.116,2.398,43,22,1.781,0.813,2526,1703,732.706,514.462
2020-01-30,7,7,1.551,1.548,15,20,1.23,1.123,1987,1556,529.079,396.567
2020-01-31,8,0,3.305,0.927,111,82,1.466,1.281,1436,1048,398.148,262.495
2020-02-01,4,3,2.025,1.494,37,41,1.438,1.808,1180,940,378.421,284.483
2020-02-02,10,6,3.325,2.437,30,15,1.355,1.657,2471,1615,657.861,501.866
2020-02-03,16,7,2.657,1.102,24,6,1.212,1.732,3700,2117,887.874,633.648
2020-02-04,5,4,1.762,1.927,34,26,1.174,1.915,2727,1738,742.271,571.493
2020-02-05,6,5,0.739,1.477,40,15,0.885,1.247,2425,1360,685.002,509.623
2020-02-06,3,3,1.314,1.41,28,12,1.472,0.888,2073,1244,698.111,512.886
2020-02-07,7,2,1.48,1.04,37,19,0.918,0.909,1296,925,452.419,379.732
2020-02-08,6,6,2.426,2.589,29,33,1.017,1.159,2012,1238,510.256,373.658
2020-02-09,13,0,3.057,0.778,33,22,1.65,1.325,3004,1427,753.313,507.713
2020-02-10,5,5,2.524,2.805,51,37,1.196,1.441,3110,1595,798.875,581.951
2020-02-11,11,5,3.043,1.894,35,26,1.068,1.13,2737,1436,707.942,504.715
2020-02-12,4,2,4.027,1.054,63,32,0.996,1.597,3097,1477,745.584,622.009
2020-02-13,4,1,1.68,3.254,59,35,1.963,1.455,3188,1554,745.758,545.832
2020-02-14,9,2,1.914,1.562,119,93,1.361,0.983,1796,1099,397.679,318.61
2020-02-15,11,4,2.761,1.034,46,22,1.844,0.833,1871,1083,453.097,325.646
2020-02-16,4,8,0.47,2.332,93,66,1.288,1.489,2614,1716,612.325,470.944
2020-02-17,5,4,1.402,2.381,44,41,1.086,1.387,3102,1651,705.528,536.698
2020-02-18,8,6,1.471,2.21,67,35,1.393,1.585,2979,1425,778.569,589.981
2020-02-19,9,2,1.602,1.79,70,37,1.484,1.114,2980,1465,782.221,601.394
2020-02-20,8,6,2.954,2.574,52,27,2.069,1.182,3156,1952,821.373,711.071
2020-02-21,9,5,2.347,3.192,69,41,1.287,1.3,1876,1120,461.609,385.4
2020-02-22,5,7,0.829,1.884,30,30,0.762,0.932,1670,1231,523.367,408.266
2020-02-23,14,6,0.608,3.335,48,26,0.954,1.014,2886,2004,847.928,694.475
2020-02-24,2,11,1.305,2.843,31,32,1.081,1.712,2519,2044,707.544,598.891
2020-02-25,4,6,1.911,1.575,29,33,1.133,1.535,2078,1758,645.322,530.755
2020-02-26,8,7,2.175,1.917,38,40,1.197,1.397,2798,2439,839.387,685.81
2020-02-27,6,5,2.413,1.347,39,42,0.998,1.617,3178,3002,807.252,684.196
2020-02-28,12,10,1.769,2.41,37,43,1.598,1.353,2471,2300,735.684,680.949
2020-02-29,3,3,0.36,2.549,39,43,0.894,1.186,2224,1925,629.729,589.735
2020-03-01,6,7,0.941,1.978,12,12,0.447,0.817,2615,2348,877.83,875.442
2020-03-02,4,6,1.698,1.92,40,51,1.16,1.205,2623,2385,937.059,815.653
2020-03-03,6,4,2.066,4.398,79,85,1.233,1.889,2701,2512,823.526,778.343
2020-03-04,4,5,1.115,0.527,88,118,1.201,1.547,2867,2442,770.435,637.53
2020-03-05,10,8,0.566,2.72,63,54,1.394,1.565,2583,2135,694.269,555.978
2020-03-06,6,7,1.666,4.045,50,46,1.481,0.961,2366,2096,677.222,529.719
2020-03-07,6,7,3.266,2.517,83,96,1.206,1.724,2448,2234,870.476,626.247
2020-03-08,6,8,2.523,2.398,21,26,0.725,1.385,3055,2615,960.352,802.882
2020-03-09,9,6,2.676,2.548,155,175,0.765,1.562,2968,2534,860.948,667.267
2020-03-10,7,5,2.684,1.82,62,53,1.134,1.367,2835,2401,943.492,779.432
2020-03-11,5,9,0.952,3.031,30,28,0.847,1.25,3908,3552,1047.846,844.144
2020-03-12,5,8,1.441,2.694,46,65,1.446,1.462,4536,3822,1161.801,982.51
2020-03-13,7,7,1.52,2.259,74,78,1.108,1.677,2694,2311,904.341,727.468
2020-03-14,2,8,1.454,2.815,43,39,1.258,1.323,2752,2631,912.743,893.509
2020-03-15,8,4,2,2.202,34,29,1.204,1.339,3444,2811,1097.686,848.999
2020-03-16,7,7,2.351,1.175,86,73,1.71,2.152,2915,2461,963.698,810.101
2020-03-17,5,2,0.841,2.581,66,34,1.401,1.651,3982,2984,975.996,789.556
2020-03-18,5,5,1.805,2.336,38,36,1.483,1.936,3167,2478,915.926,787.242
2020-03-19,6,5,1.121,3.02,118,87,1.366,1.808,4061,3663,1052.084,999.273
2020-03-20,10,10,1.397,1.596,106,124,1.143,1.966,2912,2336,809.928,660.253
2020-03-21,8,8,0.37,2.354,167,161,1.099,1.882,3272,3043,920.036,785.97
2020-03-22,4,1,2.922,0.481,41,28,1.772,2.21,2845,2598,875.993,918.784
2020-03-23,5,8,2.846,3.426,50,51,1.037,2.225,3894,3619,1033.138,1007.597
2020-03-24,6,8,1.228,3.175,80,84,1.361,2.23,3060,2843,917.183,847.188
2020-03-25,6,5,2.554,1.369,57,52,1.079,1.674,3884,3284,997.262,955.129
2020-03-26,5,5,2.711,2.979,60,40,1.524,1.548,3387,2838,910.536,847.021
2020-03-27,11,8,1.508,5.161,100,66,1.498,2.048,3198,2343,862.947,775.681
2020-03-28,4,3,0.878,3.164,125,134,1.178,1.491,3186,2547,898.486,874.725
2020-03-29,15,9,2.378,4.138,90,70,1.227,1.761,3193,2738,843.482,782.929
2020-03-30,12,4,2.629,2.405,114,103,1.635,2.025,2918,2565,908.968,826.287
2020-03-31,8,5,1.202,2.359,118,105,1.534,1.627,2804,2503,866.642,798.074
2020-04-01,8,4,1.534,2.736,5,1,0.65,0.923,2463,1844,632.09,651.96
2020-04-02,4,11,0.783,3.014,123,134,1.834,1.753,2733,2792,788.758,659.584
2020-04-03,5,5,1.809,2.417,127,141,1.069,0.973,2442,1827,636.36,458.806
2020-04-04,5,7,1.225,2.868,53,60,0.897,1.297,2534,2199,724.729,675.734
2020-04-05,4,9,3.922,2.381,54,61,1.503,1.388,3026,2790,775.693,734.039
2020-04-06,7,8,1.211,1.515,54,55,1.86,1.856,2958,2473,721.412,609.361
2020-04-07,7,12,2.563,2.623,89,82,1.549,1.786,2588,2364,792.093,674.597
2020-04-08,9,7,1.141,2.99,66,56,1.194,2.044,3756,2912,1018.73,878.162
2020-04-09,11,6,1.242,1.743,89,57,0.962,1.549,3301,2549,848.89,743.215
2020-04-10,3,2,1.22,2.098,152,116,1.311,1.561,2480,1699,707.433,531.018
2020-04-11,9,13,2.311,2.983,89,94,1.605,1.584,2830,2329,823.981,632.189
2020-04-12,4,7,1.355,2.469,42,33,1.041,1.701,3066,2395,1052.282,710.634
2020-04-13,10,13,1.867,3.876,32,44,1.122,1.971,3331,2753,890.684,725.033
2020-04-14,7,5,2.294,0.943,38,38,0.76,1.062,3118,2263,1001.572,783.099
2020-04-15,11,5,1.616,1.503,62,60,1.019,1.448,3575,2704,921.421,809.561
2020-04-16,6,10,2.766,3.044,61,46,1.32,1.242,3590,2639,973.92,748.412
2020-04-17,8,5,3.277,1.78,30,36,1.247,0.75,2729,2055,731.133,537.211
2020-04-18,9,7,1.598,1.38,67,69,1.215,1.029,2189,1614,657.793,507.606
2020-04-19,3,8,1.431,3.544,23,22,1.033,1.032,2823,2355,924.838,810.473
2020-04-20,8,6,1.984,2.991,30,28,0.751,0.546,2516,1960,828.594,698.557
2020-04-21,8,7,1.153,3.783,10,8,0.657,0.425,2452,2031,871.603,650.875
2020-04-22,4,8,2.55,2.637,57,52,0.687,0.387,2919,2206,832.955,667.492
2020-04-23,8,7,1.545,3.496,30,37,0.641,1.02,2039,1718,577.822,481.357